DATA_FILE,DATA_TAG,PARAMETER_FILE,TIME,SESSION_NO,TOTAL_BLOCKS,TRAPPED_SPACES,SCORE,DELAY,SPEED_LEVEL,LEFT_KEY,RIGHT_KEY,UP_KEY,DOWN_KEY,VERSION
SUBJ1,NONE,PARAMETERS,77572026,1,0,0,-4,1004,0,0,0,0,0,C:\Users\Student\Documents\FlowTetris
SUBJ1,NONE,PARAMETERS,331,1,0,0,-4,1000,0,0,0,0,1,C:\Users\Student\Documents\FlowTetris
SUBJ1,NONE,PARAMETERS,784,1,0,0,-4,1000,0,0,0,0,0,C:\Users\Student\Documents\FlowTetris
SUBJ1,NONE,PARAMETERS,1301,1,0,0,-4,1000,0,3,0,0,1,C:\Users\Student\Documents\FlowTetris
SUBJ1,NONE,PARAMETERS,1805,1,0,0,-4,1000,0,0,0,0,1,C:\Users\Student\Documents\FlowTetris
SUBJ1,NONE,PARAMETERS,1831,1,0,0,-4,1000,0,0,0,0,1,C:\Users\Student\Documents\FlowTetris
SUBJ1,NONE,PARAMETERS,1864,1,0,0,-4,1000,0,0,0,0,1,C:\Users\Student\Documents\FlowTetris
SUBJ1,NONE,PARAMETERS,1896,1,4,1,-8,1008,0,0,0,0,0,C:\Users\Student\Documents\FlowTetris
SUBJ1,NONE,PARAMETERS,1898,1,4,1,-8,1008,0,0,0,0,1,C:\Users\Student\Documents\FlowTetris
SUBJ1,NONE,PARAMETERS,1931,1,4,1,-8,1008,0,0,0,0,1,C:\Users\Student\Documents\FlowTetris
SUBJ1,NONE,PARAMETERS,1965,1,4,1,-8,1008,0,0,0,0,1,C:\Users\Student\Documents\FlowTetris
SUBJ1,NONE,PARAMETERS,1996,1,4,1,-8,1008,0,0,0,0,1,C:\Users\Student\Documents\FlowTetris
SUBJ1,NONE,PARAMETERS,2033,1,4,1,-8,1008,0,0,0,0,1,C:\Users\Student\Documents\FlowTetris
SUBJ1,NONE,PARAMETERS,2062,1,4,1,-8,1008,0,0,0,0,1,C:\Users\Student\Documents\FlowTetris
SUBJ1,NONE,PARAMETERS,2095,1,4,1,-8,1008,0,0,0,0,1,C:\Users\Student\Documents\FlowTetris
SUBJ1,NONE,PARAMETERS,2129,1,4,1,-8,1008,0,0,0,0,1,C:\Users\Student\Documents\FlowTetris
SUBJ1,NONE,PARAMETERS,2161,1,4,1,-8,1008,0,0,0,0,1,C:\Users\Student\Documents\FlowTetris
SUBJ1,NONE,PARAMETERS,2194,1,4,1,-8,1008,0,0,0,0,1,C:\Users\Student\Documents\FlowTetris
SUBJ1,NONE,PARAMETERS,2227,1,4,1,-8,1008,0,0,0,0,1,C:\Users\Student\Documents\FlowTetris
SUBJ1,NONE,PARAMETERS,2261,1,4,1,-8,1008,0,0,0,0,1,C:\Users\Student\Documents\FlowTetris
SUBJ1,NONE,PARAMETERS,2294,1,4,1,-8,1008,0,0,0,0,1,C:\Users\Student\Documents\FlowTetris
SUBJ1,NONE,PARAMETERS,2327,1,4,1,-8,1008,0,0,0,0,1,C:\Users\Student\Documents\FlowTetris
SUBJ1,NONE,PARAMETERS,2360,1,4,1,-8,1008,0,0,0,0,1,C:\Users\Student\Documents\FlowTetris
SUBJ1,NONE,PARAMETERS,2647,1,8,5,-12,1012,0,0,0,0,0,C:\Users\Student\Documents\FlowTetris
SUBJ1,NONE,PARAMETERS,3109,1,8,5,-12,1012,0,1,0,0,1,C:\Users\Student\Documents\FlowTetris
SUBJ1,NONE,PARAMETERS,4116,1,12,7,-16,1016,0,0,0,0,0,C:\Users\Student\Documents\FlowTetris
SUBJ1,NONE,PARAMETERS,4435,1,12,7,-16,1016,0,0,0,0,1,C:\Users\Student\Documents\FlowTetris
SUBJ1,NONE,PARAMETERS,4555,1,12,7,-16,1016,0,0,0,0,0,C:\Users\Student\Documents\FlowTetris
SUBJ1,NONE,PARAMETERS,4587,1,12,7,-16,1016,0,0,0,0,1,C:\Users\Student\Documents\FlowTetris
SUBJ1,NONE,PARAMETERS,5342,1,16,17,-20,1020,0,0,0,0,0,C:\Users\Student\Documents\FlowTetris
SUBJ1,NONE,PARAMETERS,5595,1,16,17,-20,1020,0,0,0,0,1,C:\Users\Student\Documents\FlowTetris
SUBJ1,NONE,PARAMETERS,6096,1,16,17,-20,1020,0,0,0,0,1,C:\Users\Student\Documents\FlowTetris
SUBJ1,NONE,PARAMETERS,6129,1,16,17,-20,1020,0,0,0,0,1,C:\Users\Student\Documents\FlowTetris
SUBJ1,NONE,PARAMETERS,6161,1,16,17,-20,1020,0,0,0,0,1,C:\Users\Student\Documents\FlowTetris
SUBJ1,NONE,PARAMETERS,6194,1,16,17,-20,1020,0,0,0,0,1,C:\Users\Student\Documents\FlowTetris
SUBJ1,NONE,PARAMETERS,6231,1,16,17,-20,1020,0,0,0,0,1,C:\Users\Student\Documents\FlowTetris
SUBJ1,NONE,PARAMETERS,6297,1,20,19,-24,1024,0,0,0,0,0,C:\Users\Student\Documents\FlowTetris
SUBJ1,NONE,PARAMETERS,6731,1,20,19,-24,1024,0,0,0,0,1,C:\Users\Student\Documents\FlowTetris
SUBJ1,NONE,PARAMETERS,6851,1,20,19,-24,1024,0,0,0,0,0,C:\Users\Student\Documents\FlowTetris
SUBJ1,NONE,PARAMETERS,6940,1,20,19,-24,1024,0,0,1,0,1,C:\Users\Student\Documents\FlowTetris
SUBJ1,NONE,PARAMETERS,7001,1,20,19,-24,1024,0,0,0,0,0,C:\Users\Student\Documents\FlowTetris
SUBJ1,NONE,PARAMETERS,7084,1,20,19,-24,1024,0,0,0,0,1,C:\Users\Student\Documents\FlowTetris
SUBJ1,NONE,PARAMETERS,7568,1,24,34,-28,1028,0,0,0,0,0,C:\Users\Student\Documents\FlowTetris
SUBJ1,NONE,PARAMETERS,8229,1,24,34,-28,1028,0,0,2,0,1,C:\Users\Student\Documents\FlowTetris
SUBJ1,NONE,PARAMETERS,9377,1,28,30,-32,1032,0,1,0,0,0,C:\Users\Student\Documents\FlowTetris
SUBJ1,NONE,PARAMETERS,9933,1,28,30,-32,1032,0,2,0,0,1,C:\Users\Student\Documents\FlowTetris
SUBJ1,NONE,PARAMETERS,10432,1,28,30,-32,1032,0,0,0,0,1,C:\Users\Student\Documents\FlowTetris
SUBJ1,NONE,PARAMETERS,10467,1,28,30,-32,1032,0,0,0,0,1,C:\Users\Student\Documents\FlowTetris
SUBJ1,NONE,PARAMETERS,10497,1,28,30,-32,1032,0,0,0,0,1,C:\Users\Student\Documents\FlowTetris
SUBJ1,NONE,PARAMETERS,10597,1,32,31,-36,1036,0,0,0,0,0,C:\Users\Student\Documents\FlowTetris
SUBJ1,NONE,PARAMETERS,11159,1,32,31,-36,1036,0,1,0,0,1,C:\Users\Student\Documents\FlowTetris
SUBJ1,NONE,PARAMETERS,11656,1,32,31,-36,1036,0,0,0,0,1,C:\Users\Student\Documents\FlowTetris
SUBJ1,NONE,PARAMETERS,11782,1,36,40,-40,1040,0,0,0,0,0,C:\Users\Student\Documents\FlowTetris
SUBJ1,NONE,PARAMETERS,12752,1,36,40,-40,1040,0,3,0,0,1,C:\Users\Student\Documents\FlowTetris
SUBJ1,NONE,PARAMETERS,13869,1,40,41,-44,1044,0,0,0,0,0,C:\Users\Student\Documents\FlowTetris
SUBJ1,NONE,PARAMETERS,14179,1,40,41,-44,1044,0,0,0,0,1,C:\Users\Student\Documents\FlowTetris
SUBJ1,NONE,PARAMETERS,14842,1,44,57,-48,1048,0,0,0,0,0,C:\Users\Student\Documents\FlowTetris
SUBJ1,NONE,PARAMETERS,15315,1,44,57,-48,1048,0,0,1,0,1,C:\Users\Student\Documents\FlowTetris
SUBJ1,NONE,PARAMETERS,15890,1,48,57,-52,1052,0,0,0,0,0,C:\Users\Student\Documents\FlowTetris
SUBJ1,NONE,PARAMETERS,16351,1,48,57,-52,1052,0,0,2,0,1,C:\Users\Student\Documents\FlowTetris
SUBJ1,NONE,PARAMETERS,16381,1,48,57,-52,1052,0,0,0,0,0,C:\Users\Student\Documents\FlowTetris
SUBJ1,NONE,PARAMETERS,16452,1,48,57,-52,1052,0,0,0,0,1,C:\Users\Student\Documents\FlowTetris
SUBJ1,NONE,PARAMETERS,17031,1,52,75,-56,1056,0,0,0,0,0,C:\Users\Student\Documents\FlowTetris
SUBJ1,NONE,PARAMETERS,17453,1,52,75,-56,1056,0,0,1,0,1,C:\Users\Student\Documents\FlowTetris
SUBJ1,NONE,PARAMETERS,17573,1,52,75,-56,1056,0,0,0,0,0,C:\Users\Student\Documents\FlowTetris
SUBJ1,NONE,PARAMETERS,17663,1,52,75,-56,1056,0,0,0,0,1,C:\Users\Student\Documents\FlowTetris
SUBJ1,NONE,PARAMETERS,18009,1,56,77,-60,1060,0,0,0,0,0,C:\Users\Student\Documents\FlowTetris
SUBJ1,NONE,PARAMETERS,18660,1,56,77,-60,1060,0,0,3,0,1,C:\Users\Student\Documents\FlowTetris
SUBJ1,NONE,PARAMETERS,19243,1,60,96,-64,1064,0,0,0,0,0,C:\Users\Student\Documents\FlowTetris
SUBJ1,NONE,PARAMETERS,19788,1,60,96,-64,1064,0,1,0,0,1,C:\Users\Student\Documents\FlowTetris
SUBJ1,NONE,PARAMETERS,20362,1,64,111,-68,1068,0,0,0,0,0,C:\Users\Student\Documents\FlowTetris
SUBJ1,NONE,PARAMETERS,20755,1,64,111,-68,1068,0,0,0,0,1,C:\Users\Student\Documents\FlowTetris
SUBJ1,NONE,PARAMETERS,21148,1,68,118,-72,1072,0,0,0,0,0,C:\Users\Student\Documents\FlowTetris
SUBJ1,NONE,PARAMETERS,21254,1,68,118,-72,1072,0,0,0,0,1,C:\Users\Student\Documents\FlowTetris
SUBJ1,NONE,PARAMETERS,21290,1,68,118,-72,1072,0,0,0,0,1,C:\Users\Student\Documents\FlowTetris
SUBJ1,NONE,PARAMETERS,21320,1,68,118,-72,1072,0,0,0,0,1,C:\Users\Student\Documents\FlowTetris
SUBJ1,NONE,PARAMETERS,21358,1,68,118,-72,1072,0,0,0,0,1,C:\Users\Student\Documents\FlowTetris
SUBJ1,NONE,PARAMETERS,21386,1,68,118,-72,1072,0,0,0,0,1,C:\Users\Student\Documents\FlowTetris
SUBJ1,NONE,PARAMETERS,21419,1,68,118,-72,1072,0,0,0,0,1,C:\Users\Student\Documents\FlowTetris
SUBJ1,NONE,PARAMETERS,21453,1,68,118,-72,1072,0,0,0,0,1,C:\Users\Student\Documents\FlowTetris
SUBJ1,NONE,PARAMETERS,21486,1,72,120,-76,1076,0,0,0,0,0,C:\Users\Student\Documents\FlowTetris
SUBJ1,NONE,PARAMETERS,21487,1,72,120,-76,1076,0,0,0,0,1,C:\Users\Student\Documents\FlowTetris
SUBJ1,NONE,PARAMETERS,21519,1,72,120,-76,1076,0,0,0,0,1,C:\Users\Student\Documents\FlowTetris
SUBJ1,NONE,PARAMETERS,21552,1,72,120,-76,1076,0,0,0,0,1,C:\Users\Student\Documents\FlowTetris
SUBJ1,NONE,PARAMETERS,21586,1,72,120,-76,1076,0,0,0,0,1,C:\Users\Student\Documents\FlowTetris
SUBJ1,NONE,PARAMETERS,21617,1,72,120,-76,1076,0,0,0,0,1,C:\Users\Student\Documents\FlowTetris
SUBJ1,NONE,PARAMETERS,21660,1,70,119,-92,1092,0,0,0,0,0,C:\Users\Student\Documents\FlowTetris
SUBJ1,NONE,PARAMETERS,21663,1,70,119,-92,1092,0,0,0,0,1,C:\Users\Student\Documents\FlowTetris
SUBJ1,NONE,PARAMETERS,21684,1,70,119,-92,1092,0,0,0,0,1,C:\Users\Student\Documents\FlowTetris
SUBJ1,NONE,PARAMETERS,21716,1,70,119,-92,1092,0,0,0,0,1,C:\Users\Student\Documents\FlowTetris
SUBJ1,NONE,PARAMETERS,21759,1,70,119,-92,1092,0,0,0,0,1,C:\Users\Student\Documents\FlowTetris
SUBJ1,NONE,PARAMETERS,21782,1,70,119,-92,1092,0,0,0,0,1,C:\Users\Student\Documents\FlowTetris
SUBJ1,NONE,PARAMETERS,21820,1,64,112,-126,1126,0,0,0,0,1,C:\Users\Student\Documents\FlowTetris
SUBJ1,NONE,PARAMETERS,21848,1,64,112,-126,1126,0,0,0,0,1,C:\Users\Student\Documents\FlowTetris
SUBJ1,NONE,PARAMETERS,21878,1,64,112,-126,1126,0,0,0,0,0,C:\Users\Student\Documents\FlowTetris
SUBJ1,NONE,PARAMETERS,22215,1,64,112,-126,1126,0,0,0,0,1,C:\Users\Student\Documents\FlowTetris
SUBJ1,NONE,PARAMETERS,22337,1,64,112,-126,1126,0,0,0,0,0,C:\Users\Student\Documents\FlowTetris
SUBJ1,NONE,PARAMETERS,22571,1,54,72,-178,1178,0,0,0,0,1,C:\Users\Student\Documents\FlowTetris
SUBJ1,NONE,PARAMETERS,22819,1,54,72,-178,1178,0,1,0,0,1,C:\Users\Student\Documents\FlowTetris
SUBJ1,NONE,PARAMETERS,22969,1,54,72,-178,1178,0,0,0,0,0,C:\Users\Student\Documents\FlowTetris
SUBJ1,NONE,PARAMETERS,23332,1,54,72,-178,1178,0,0,0,0,1,C:\Users\Student\Documents\FlowTetris
SUBJ1,NONE,PARAMETERS,23400,1,51,80,-221,1221,0,0,0,0,0,C:\Users\Student\Documents\FlowTetris
SUBJ1,NONE,PARAMETERS,24285,1,51,80,-221,1221,0,3,0,0,1,C:\Users\Student\Documents\FlowTetris
SUBJ1,NONE,PARAMETERS,24498,1,48,100,-294,1294,0,0,0,0,0,C:\Users\Student\Documents\FlowTetris
SUBJ1,NONE,PARAMETERS,25125,1,48,100,-294,1294,0,2,0,0,1,C:\Users\Student\Documents\FlowTetris
SUBJ1,NONE,PARAMETERS,25276,1,48,100,-294,1294,0,0,0,0,0,C:\Users\Student\Documents\FlowTetris
SUBJ1,NONE,PARAMETERS,26327,1,48,100,-294,1294,0,0,5,0,1,C:\Users\Student\Documents\FlowTetris
SUBJ1,NONE,PARAMETERS,26850,1,48,100,-294,1294,0,0,0,0,1,C:\Users\Student\Documents\FlowTetris
SUBJ1,NONE,PARAMETERS,26880,1,48,100,-294,1294,0,0,0,0,1,C:\Users\Student\Documents\FlowTetris
SUBJ1,NONE,PARAMETERS,26914,1,48,100,-294,1294,0,0,0,0,1,C:\Users\Student\Documents\FlowTetris
SUBJ1,NONE,PARAMETERS,26948,1,48,100,-294,1294,0,0,0,0,1,C:\Users\Student\Documents\FlowTetris
SUBJ1,NONE,PARAMETERS,26982,1,48,100,-294,1294,0,0,0,0,1,C:\Users\Student\Documents\FlowTetris
SUBJ1,NONE,PARAMETERS,27015,1,48,100,-294,1294,0,0,0,0,1,C:\Users\Student\Documents\FlowTetris
SUBJ1,NONE,PARAMETERS,27045,1,48,100,-294,1294,0,0,0,0,1,C:\Users\Student\Documents\FlowTetris
SUBJ1,NONE,PARAMETERS,27081,1,48,100,-294,1294,0,0,0,0,1,C:\Users\Student\Documents\FlowTetris
SUBJ1,NONE,PARAMETERS,27111,1,48,100,-294,1294,0,0,0,0,1,C:\Users\Student\Documents\FlowTetris
SUBJ1,NONE,PARAMETERS,27145,1,52,102,-298,1298,0,0,0,0,1,C:\Users\Student\Documents\FlowTetris
SUBJ1,NONE,PARAMETERS,27177,1,52,102,-298,1298,0,0,0,0,1,C:\Users\Student\Documents\FlowTetris
SUBJ1,NONE,PARAMETERS,27210,1,52,102,-298,1298,0,0,0,0,1,C:\Users\Student\Documents\FlowTetris
SUBJ1,NONE,PARAMETERS,27243,1,52,102,-298,1298,0,0,0,0,1,C:\Users\Student\Documents\FlowTetris
SUBJ1,NONE,PARAMETERS,27276,1,52,102,-298,1298,0,0,0,0,1,C:\Users\Student\Documents\FlowTetris
SUBJ1,NONE,PARAMETERS,27309,1,52,102,-298,1298,0,0,0,0,1,C:\Users\Student\Documents\FlowTetris
SUBJ1,NONE,PARAMETERS,27343,1,52,102,-298,1298,0,0,0,0,1,C:\Users\Student\Documents\FlowTetris
SUBJ1,NONE,PARAMETERS,27376,1,52,102,-298,1298,0,0,0,0,1,C:\Users\Student\Documents\FlowTetris
SUBJ1,NONE,PARAMETERS,27412,1,56,103,-302,1302,0,0,0,0,1,C:\Users\Student\Documents\FlowTetris
SUBJ1,NONE,PARAMETERS,28275,1,56,103,-302,1302,0,0,4,0,1,C:\Users\Student\Documents\FlowTetris
SUBJ1,NONE,PARAMETERS,28395,1,56,103,-302,1302,0,0,0,0,0,C:\Users\Student\Documents\FlowTetris
SUBJ1,NONE,PARAMETERS,28684,1,56,103,-302,1302,0,0,0,0,1,C:\Users\Student\Documents\FlowTetris
SUBJ1,NONE,PARAMETERS,29192,1,56,103,-302,1302,0,0,0,0,1,C:\Users\Student\Documents\FlowTetris
SUBJ1,NONE,PARAMETERS,29229,1,56,103,-302,1302,0,0,0,0,1,C:\Users\Student\Documents\FlowTetris
SUBJ1,NONE,PARAMETERS,29257,1,56,103,-302,1302,0,0,0,0,1,C:\Users\Student\Documents\FlowTetris
SUBJ1,NONE,PARAMETERS,29292,1,56,103,-302,1302,0,0,0,0,1,C:\Users\Student\Documents\FlowTetris
SUBJ1,NONE,PARAMETERS,29326,1,56,103,-302,1302,0,0,0,0,1,C:\Users\Student\Documents\FlowTetris
SUBJ1,NONE,PARAMETERS,29363,1,56,103,-302,1302,0,0,0,0,1,C:\Users\Student\Documents\FlowTetris
SUBJ1,NONE,PARAMETERS,29388,1,56,103,-302,1302,0,0,0,0,1,C:\Users\Student\Documents\FlowTetris
SUBJ1,NONE,PARAMETERS,29427,1,56,103,-302,1302,0,0,0,0,1,C:\Users\Student\Documents\FlowTetris
SUBJ1,NONE,PARAMETERS,29455,1,56,103,-302,1302,0,0,0,0,1,C:\Users\Student\Documents\FlowTetris
SUBJ1,NONE,PARAMETERS,29487,1,60,107,-306,1306,0,0,0,0,0,C:\Users\Student\Documents\FlowTetris
SUBJ1,NONE,PARAMETERS,29489,1,60,107,-306,1306,0,0,0,0,1,C:\Users\Student\Documents\FlowTetris
SUBJ1,NONE,PARAMETERS,29522,1,60,107,-306,1306,0,0,0,0,1,C:\Users\Student\Documents\FlowTetris
SUBJ1,NONE,PARAMETERS,29554,1,60,107,-306,1306,0,0,0,0,1,C:\Users\Student\Documents\FlowTetris
SUBJ1,NONE,PARAMETERS,29587,1,60,107,-306,1306,0,0,0,0,1,C:\Users\Student\Documents\FlowTetris
SUBJ1,NONE,PARAMETERS,29623,1,60,107,-306,1306,0,0,0,0,1,C:\Users\Student\Documents\FlowTetris
SUBJ1,NONE,PARAMETERS,29657,1,60,107,-306,1306,0,0,0,0,1,C:\Users\Student\Documents\FlowTetris
SUBJ1,NONE,PARAMETERS,29686,1,60,107,-306,1306,0,0,0,0,1,C:\Users\Student\Documents\FlowTetris
SUBJ1,NONE,PARAMETERS,29718,1,64,110,-310,1310,0,0,0,0,0,C:\Users\Student\Documents\FlowTetris
SUBJ1,NONE,PARAMETERS,29719,1,64,110,-310,1310,0,0,0,0,1,C:\Users\Student\Documents\FlowTetris
SUBJ1,NONE,PARAMETERS,29751,1,64,110,-310,1310,0,0,0,0,1,C:\Users\Student\Documents\FlowTetris
SUBJ1,NONE,PARAMETERS,29785,1,64,110,-310,1310,0,0,0,0,1,C:\Users\Student\Documents\FlowTetris
SUBJ1,NONE,PARAMETERS,29818,1,64,110,-310,1310,0,0,0,0,1,C:\Users\Student\Documents\FlowTetris
SUBJ1,NONE,PARAMETERS,29856,1,64,110,-310,1310,0,0,0,0,1,C:\Users\Student\Documents\FlowTetris
SUBJ1,NONE,PARAMETERS,29884,1,64,110,-310,1310,0,0,0,0,1,C:\Users\Student\Documents\FlowTetris
SUBJ1,NONE,PARAMETERS,29917,1,60,105,-350,1350,0,0,0,0,0,C:\Users\Student\Documents\FlowTetris
SUBJ1,NONE,PARAMETERS,30582,1,60,105,-350,1350,0,0,4,0,1,C:\Users\Student\Documents\FlowTetris
SUBJ1,NONE,PARAMETERS,30825,1,60,105,-350,1350,0,0,0,0,0,C:\Users\Student\Documents\FlowTetris
SUBJ1,NONE,PARAMETERS,30859,1,60,105,-350,1350,0,0,0,0,1,C:\Users\Student\Documents\FlowTetris
SUBJ1,NONE,PARAMETERS,31615,1,64,107,-354,1354,0,0,0,0,0,C:\Users\Student\Documents\FlowTetris
SUBJ1,NONE,PARAMETERS,32631,1,64,107,-354,1354,0,1,2,0,1,C:\Users\Student\Documents\FlowTetris
SUBJ1,NONE,PARAMETERS,32782,1,64,107,-354,1354,0,0,0,0,0,C:\Users\Student\Documents\FlowTetris
SUBJ1,NONE,PARAMETERS,32835,1,64,107,-354,1354,0,0,1,0,1,C:\Users\Student\Documents\FlowTetris
SUBJ1,NONE,PARAMETERS,32956,1,64,107,-354,1354,0,0,0,0,0,C:\Users\Student\Documents\FlowTetris
SUBJ1,NONE,PARAMETERS,33113,1,64,107,-354,1354,0,0,0,0,1,C:\Users\Student\Documents\FlowTetris
SUBJ1,NONE,PARAMETERS,33570,1,68,112,-358,1358,0,0,0,0,0,C:\Users\Student\Documents\FlowTetris
SUBJ1,NONE,PARAMETERS,33639,1,68,112,-358,1358,0,0,0,0,1,C:\Users\Student\Documents\FlowTetris
SUBJ1,NONE,PARAMETERS,33674,1,68,112,-358,1358,0,0,0,0,1,C:\Users\Student\Documents\FlowTetris
SUBJ1,NONE,PARAMETERS,33705,1,68,112,-358,1358,0,0,0,0,1,C:\Users\Student\Documents\FlowTetris
SUBJ1,NONE,PARAMETERS,33738,1,68,112,-358,1358,0,0,0,0,1,C:\Users\Student\Documents\FlowTetris
SUBJ1,NONE,PARAMETERS,33777,1,61,100,-419,1419,0,0,0,0,1,C:\Users\Student\Documents\FlowTetris
SUBJ1,NONE,PARAMETERS,33804,1,61,100,-419,1419,0,0,0,0,1,C:\Users\Student\Documents\FlowTetris
SUBJ1,NONE,PARAMETERS,33837,1,61,100,-419,1419,0,0,0,0,1,C:\Users\Student\Documents\FlowTetris
SUBJ1,NONE,PARAMETERS,33869,1,61,100,-419,1419,0,0,0,0,1,C:\Users\Student\Documents\FlowTetris
SUBJ1,NONE,PARAMETERS,33903,1,61,100,-419,1419,0,0,0,0,1,C:\Users\Student\Documents\FlowTetris
SUBJ1,NONE,PARAMETERS,33939,1,56,86,-486,1486,0,0,0,0,1,C:\Users\Student\Documents\FlowTetris
SUBJ1,NONE,PARAMETERS,33969,1,56,86,-486,1486,0,0,0,0,1,C:\Users\Student\Documents\FlowTetris
SUBJ1,NONE,PARAMETERS,34002,1,56,86,-486,1486,0,0,0,0,1,C:\Users\Student\Documents\FlowTetris
SUBJ1,NONE,PARAMETERS,34034,1,56,86,-486,1486,0,0,1,0,0,C:\Users\Student\Documents\FlowTetris
SUBJ1,NONE,PARAMETERS,34675,1,56,86,-486,1486,0,0,1,0,1,C:\Users\Student\Documents\FlowTetris
SUBJ1,NONE,PARAMETERS,35178,1,56,86,-486,1486,0,0,0,0,1,C:\Users\Student\Documents\FlowTetris
SUBJ1,NONE,PARAMETERS,35213,1,56,86,-486,1486,0,0,0,0,1,C:\Users\Student\Documents\FlowTetris
SUBJ1,NONE,PARAMETERS,35241,1,56,86,-486,1486,0,0,0,0,1,C:\Users\Student\Documents\FlowTetris
SUBJ1,NONE,PARAMETERS,35273,1,56,86,-486,1486,0,0,0,0,1,C:\Users\Student\Documents\FlowTetris
SUBJ1,NONE,PARAMETERS,35307,1,56,86,-486,1486,0,0,0,0,1,C:\Users\Student\Documents\FlowTetris
SUBJ1,NONE,PARAMETERS,35348,1,60,91,-490,1490,0,0,0,0,1,C:\Users\Student\Documents\FlowTetris
SUBJ1,NONE,PARAMETERS,35373,1,60,91,-490,1490,0,0,0,0,1,C:\Users\Student\Documents\FlowTetris
SUBJ1,NONE,PARAMETERS,35406,1,60,91,-490,1490,0,0,0,0,1,C:\Users\Student\Documents\FlowTetris
SUBJ1,NONE,PARAMETERS,35443,1,60,91,-490,1490,0,0,0,0,1,C:\Users\Student\Documents\FlowTetris
SUBJ1,NONE,PARAMETERS,35473,1,60,91,-490,1490,0,0,0,0,1,C:\Users\Student\Documents\FlowTetris
SUBJ1,NONE,PARAMETERS,35506,1,60,91,-490,1490,0,0,0,0,1,C:\Users\Student\Documents\FlowTetris
SUBJ1,NONE,PARAMETERS,35544,1,57,79,-533,1533,0,0,1,0,0,C:\Users\Student\Documents\FlowTetris
SUBJ1,NONE,PARAMETERS,36063,1,57,79,-533,1533,0,0,1,0,1,C:\Users\Student\Documents\FlowTetris
SUBJ1,NONE,PARAMETERS,36306,1,57,79,-533,1533,0,0,0,0,0,C:\Users\Student\Documents\FlowTetris
SUBJ1,NONE,PARAMETERS,36571,1,57,79,-533,1533,0,0,0,0,1,C:\Users\Student\Documents\FlowTetris
SUBJ1,NONE,PARAMETERS,37078,1,57,79,-533,1533,0,0,0,0,1,C:\Users\Student\Documents\FlowTetris
SUBJ1,NONE,PARAMETERS,37111,1,57,79,-533,1533,0,0,0,0,1,C:\Users\Student\Documents\FlowTetris
SUBJ1,NONE,PARAMETERS,37142,1,61,84,-537,1537,0,0,0,0,0,C:\Users\Student\Documents\FlowTetris
SUBJ1,NONE,PARAMETERS,37144,1,61,84,-537,1537,0,0,0,0,1,C:\Users\Student\Documents\FlowTetris
SUBJ1,NONE,PARAMETERS,37177,1,61,84,-537,1537,0,0,0,0,1,C:\Users\Student\Documents\FlowTetris
SUBJ1,NONE,PARAMETERS,37210,1,61,84,-537,1537,0,0,0,0,1,C:\Users\Student\Documents\FlowTetris
SUBJ1,NONE,PARAMETERS,37245,1,61,84,-537,1537,0,0,0,0,1,C:\Users\Student\Documents\FlowTetris
SUBJ1,NONE,PARAMETERS,37278,1,52,68,-622,1622,0,0,0,0,1,C:\Users\Student\Documents\FlowTetris
SUBJ1,NONE,PARAMETERS,37311,1,52,68,-622,1622,0,0,0,0,1,C:\Users\Student\Documents\FlowTetris
SUBJ1,NONE,PARAMETERS,37342,1,52,68,-622,1622,0,0,0,0,1,C:\Users\Student\Documents\FlowTetris
SUBJ1,NONE,PARAMETERS,37376,1,52,68,-622,1622,0,0,0,0,1,C:\Users\Student\Documents\FlowTetris
SUBJ1,NONE,PARAMETERS,37413,1,51,66,-671,1671,0,0,0,0,1,C:\Users\Student\Documents\FlowTetris
SUBJ1,NONE,PARAMETERS,38061,1,51,66,-671,1671,0,0,3,0,1,C:\Users\Student\Documents\FlowTetris
SUBJ1,NONE,PARAMETERS,38559,1,51,66,-671,1671,0,0,0,0,1,C:\Users\Student\Documents\FlowTetris
SUBJ1,NONE,PARAMETERS,38594,1,51,66,-671,1671,0,0,0,0,1,C:\Users\Student\Documents\FlowTetris
SUBJ1,NONE,PARAMETERS,38624,1,51,66,-671,1671,0,0,0,0,1,C:\Users\Student\Documents\FlowTetris
SUBJ1,NONE,PARAMETERS,38660,1,51,66,-671,1671,0,0,0,0,1,C:\Users\Student\Documents\FlowTetris
SUBJ1,NONE,PARAMETERS,38691,1,51,66,-671,1671,0,0,0,0,1,C:\Users\Student\Documents\FlowTetris
SUBJ1,NONE,PARAMETERS,38723,1,51,66,-671,1671,0,0,0,0,1,C:\Users\Student\Documents\FlowTetris
SUBJ1,NONE,PARAMETERS,38759,1,51,66,-671,1671,0,0,0,0,1,C:\Users\Student\Documents\FlowTetris
SUBJ1,NONE,PARAMETERS,38789,1,51,66,-671,1671,0,0,0,0,1,C:\Users\Student\Documents\FlowTetris
SUBJ1,NONE,PARAMETERS,38822,1,51,66,-671,1671,0,0,0,0,1,C:\Users\Student\Documents\FlowTetris
SUBJ1,NONE,PARAMETERS,38855,1,51,66,-671,1671,0,0,0,0,1,C:\Users\Student\Documents\FlowTetris
SUBJ1,NONE,PARAMETERS,38888,1,51,66,-671,1671,0,0,0,0,1,C:\Users\Student\Documents\FlowTetris
SUBJ1,NONE,PARAMETERS,38924,1,55,68,-675,1675,0,0,0,0,1,C:\Users\Student\Documents\FlowTetris
SUBJ1,NONE,PARAMETERS,38954,1,55,68,-675,1675,0,0,0,0,1,C:\Users\Student\Documents\FlowTetris
SUBJ1,NONE,PARAMETERS,38987,1,55,68,-675,1675,0,0,0,0,1,C:\Users\Student\Documents\FlowTetris
SUBJ1,NONE,PARAMETERS,39021,1,55,68,-675,1675,0,0,0,0,1,C:\Users\Student\Documents\FlowTetris
SUBJ1,NONE,PARAMETERS,39054,1,55,68,-675,1675,0,0,0,0,1,C:\Users\Student\Documents\FlowTetris
SUBJ1,NONE,PARAMETERS,39087,1,53,57,-721,1721,0,0,0,0,0,C:\Users\Student\Documents\FlowTetris
SUBJ1,NONE,PARAMETERS,39088,1,53,57,-721,1721,0,0,0,0,1,C:\Users\Student\Documents\FlowTetris
SUBJ1,NONE,PARAMETERS,39121,1,53,57,-721,1721,0,0,0,0,1,C:\Users\Student\Documents\FlowTetris
SUBJ1,NONE,PARAMETERS,39153,1,53,57,-721,1721,0,0,0,0,1,C:\Users\Student\Documents\FlowTetris
SUBJ1,NONE,PARAMETERS,39186,1,53,57,-721,1721,0,0,0,0,1,C:\Users\Student\Documents\FlowTetris
SUBJ1,NONE,PARAMETERS,39223,1,50,43,-794,1794,0,0,0,0,1,C:\Users\Student\Documents\FlowTetris
SUBJ1,NONE,PARAMETERS,39251,1,50,43,-794,1794,0,0,0,0,1,C:\Users\Student\Documents\FlowTetris
SUBJ1,NONE,PARAMETERS,39284,1,50,43,-794,1794,0,0,0,0,1,C:\Users\Student\Documents\FlowTetris
SUBJ1,NONE,PARAMETERS,39317,1,50,43,-794,1794,0,0,0,0,1,C:\Users\Student\Documents\FlowTetris
SUBJ1,NONE,PARAMETERS,39358,1,48,31,-870,1870,0,0,0,0,1,C:\Users\Student\Documents\FlowTetris
SUBJ1,NONE,PARAMETERS,39795,1,48,31,-870,1870,0,1,1,0,1,C:\Users\Student\Documents\FlowTetris
SUBJ1,NONE,PARAMETERS,40009,1,46,24,-946,1946,0,0,0,0,0,C:\Users\Student\Documents\FlowTetris
SUBJ1,NONE,PARAMETERS,40083,1,46,24,-946,1946,0,0,0,0,1,C:\Users\Student\Documents\FlowTetris
SUBJ1,NONE,PARAMETERS,40308,1,44,18,-1022,2022,0,0,0,0,0,C:\Users\Student\Documents\FlowTetris
SUBJ1,NONE,PARAMETERS,40582,1,44,18,-1022,2022,0,0,0,0,1,C:\Users\Student\Documents\FlowTetris
SUBJ1,NONE,PARAMETERS,40615,1,44,18,-1022,2022,0,0,0,0,1,C:\Users\Student\Documents\FlowTetris
SUBJ1,NONE,PARAMETERS,40648,1,44,18,-1022,2022,0,0,0,0,1,C:\Users\Student\Documents\FlowTetris
SUBJ1,NONE,PARAMETERS,40681,1,44,18,-1022,2022,0,0,0,0,1,C:\Users\Student\Documents\FlowTetris
SUBJ1,NONE,PARAMETERS,40713,1,42,19,-1098,2098,0,0,0,0,0,C:\Users\Student\Documents\FlowTetris
SUBJ1,NONE,PARAMETERS,40714,1,42,19,-1098,2098,0,0,0,0,1,C:\Users\Student\Documents\FlowTetris
SUBJ1,NONE,PARAMETERS,40747,1,42,19,-1098,2098,0,0,0,0,1,C:\Users\Student\Documents\FlowTetris
SUBJ1,NONE,PARAMETERS,40784,1,42,19,-1098,2098,0,0,0,0,1,C:\Users\Student\Documents\FlowTetris
SUBJ1,NONE,PARAMETERS,40814,1,42,19,-1098,2098,0,0,0,0,1,C:\Users\Student\Documents\FlowTetris
SUBJ1,NONE,PARAMETERS,40851,1,42,20,-1150,2150,0,0,0,0,1,C:\Users\Student\Documents\FlowTetris
SUBJ1,NONE,PARAMETERS,40879,1,42,20,-1150,2150,0,0,0,0,1,C:\Users\Student\Documents\FlowTetris
SUBJ1,NONE,PARAMETERS,40913,1,42,20,-1150,2150,0,0,0,0,1,C:\Users\Student\Documents\FlowTetris
SUBJ1,NONE,PARAMETERS,40945,1,42,20,-1150,2150,0,0,0,0,1,C:\Users\Student\Documents\FlowTetris
SUBJ1,NONE,PARAMETERS,40979,1,42,20,-1150,2150,0,0,0,0,1,C:\Users\Student\Documents\FlowTetris
SUBJ1,NONE,PARAMETERS,41017,1,40,21,-1226,2226,0,0,0,0,1,C:\Users\Student\Documents\FlowTetris
SUBJ1,NONE,PARAMETERS,41044,1,40,21,-1226,2226,0,0,0,0,1,C:\Users\Student\Documents\FlowTetris
SUBJ1,NONE,PARAMETERS,41078,1,40,21,-1226,2226,0,0,0,0,1,C:\Users\Student\Documents\FlowTetris
SUBJ1,NONE,PARAMETERS,41113,1,40,21,-1226,2226,0,0,0,0,1,C:\Users\Student\Documents\FlowTetris
SUBJ1,NONE,PARAMETERS,41143,1,40,21,-1226,2226,0,0,0,0,1,C:\Users\Student\Documents\FlowTetris
SUBJ1,NONE,PARAMETERS,41176,1,38,22,-1302,2302,0,0,0,0,0,C:\Users\Student\Documents\FlowTetris
SUBJ1,NONE,PARAMETERS,41178,1,38,22,-1302,2302,0,0,0,0,1,C:\Users\Student\Documents\FlowTetris
SUBJ1,NONE,PARAMETERS,41210,1,38,22,-1302,2302,0,0,0,0,1,C:\Users\Student\Documents\FlowTetris
SUBJ1,NONE,PARAMETERS,41246,1,38,22,-1302,2302,0,0,0,0,1,C:\Users\Student\Documents\FlowTetris
SUBJ1,NONE,PARAMETERS,41275,1,38,22,-1302,2302,0,0,0,0,1,C:\Users\Student\Documents\FlowTetris
SUBJ1,NONE,PARAMETERS,41311,1,36,26,-1378,2378,0,0,0,0,1,C:\Users\Student\Documents\FlowTetris
SUBJ1,NONE,PARAMETERS,41341,1,36,26,-1378,2378,0,0,0,0,1,C:\Users\Student\Documents\FlowTetris
SUBJ1,NONE,PARAMETERS,41379,1,36,26,-1378,2378,0,0,0,0,1,C:\Users\Student\Documents\FlowTetris
SUBJ1,NONE,PARAMETERS,41408,1,36,26,-1378,2378,0,0,0,0,1,C:\Users\Student\Documents\FlowTetris
SUBJ1,NONE,PARAMETERS,41440,1,36,26,-1378,2378,0,0,0,0,1,C:\Users\Student\Documents\FlowTetris
SUBJ1,NONE,PARAMETERS,41475,1,36,26,-1378,2378,0,0,0,0,1,C:\Users\Student\Documents\FlowTetris
SUBJ1,NONE,PARAMETERS,41514,1,34,26,-1454,2454,0,0,0,0,1,C:\Users\Student\Documents\FlowTetris
SUBJ1,NONE,PARAMETERS,41540,1,34,26,-1454,2454,0,0,0,0,1,C:\Users\Student\Documents\FlowTetris
SUBJ1,NONE,PARAMETERS,41572,1,34,26,-1454,2454,0,0,0,0,1,C:\Users\Student\Documents\FlowTetris
SUBJ1,NONE,PARAMETERS,41606,1,34,26,-1454,2454,0,0,0,0,1,C:\Users\Student\Documents\FlowTetris
SUBJ1,NONE,PARAMETERS,41653,1,31,21,-1557,2557,0,0,0,0,1,C:\Users\Student\Documents\FlowTetris
SUBJ1,NONE,PARAMETERS,41672,1,31,21,-1557,2557,0,0,0,0,1,C:\Users\Student\Documents\FlowTetris
SUBJ1,NONE,PARAMETERS,41705,1,31,21,-1557,2557,0,0,0,0,1,C:\Users\Student\Documents\FlowTetris
SUBJ1,NONE,PARAMETERS,41742,1,31,21,-1557,2557,0,0,0,0,1,C:\Users\Student\Documents\FlowTetris
SUBJ1,NONE,PARAMETERS,41770,1,31,21,-1557,2557,0,0,0,0,1,C:\Users\Student\Documents\FlowTetris
SUBJ1,NONE,PARAMETERS,41810,1,31,30,-1639,2639,0,0,0,0,1,C:\Users\Student\Documents\FlowTetris
SUBJ1,NONE,PARAMETERS,41838,1,31,30,-1639,2639,0,0,0,0,1,C:\Users\Student\Documents\FlowTetris
SUBJ1,NONE,PARAMETERS,41871,1,31,30,-1639,2639,0,0,0,0,1,C:\Users\Student\Documents\FlowTetris
SUBJ1,NONE,PARAMETERS,41909,1,31,30,-1639,2639,0,0,0,0,1,C:\Users\Student\Documents\FlowTetris
SUBJ1,NONE,PARAMETERS,41935,1,31,30,-1639,2639,0,0,0,0,1,C:\Users\Student\Documents\FlowTetris
SUBJ1,NONE,PARAMETERS,41969,1,31,30,-1639,2639,0,0,0,0,1,C:\Users\Student\Documents\FlowTetris
SUBJ1,NONE,PARAMETERS,42007,1,31,17,-1721,2721,0,0,0,0,1,C:\Users\Student\Documents\FlowTetris
SUBJ1,NONE,PARAMETERS,42034,1,31,17,-1721,2721,0,0,0,0,1,C:\Users\Student\Documents\FlowTetris
SUBJ1,NONE,PARAMETERS,42067,1,31,17,-1721,2721,0,0,0,0,1,C:\Users\Student\Documents\FlowTetris
SUBJ1,NONE,PARAMETERS,42104,1,31,17,-1721,2721,0,0,0,0,1,C:\Users\Student\Documents\FlowTetris
SUBJ1,NONE,PARAMETERS,42134,1,31,17,-1721,2721,0,0,0,0,1,C:\Users\Student\Documents\FlowTetris
SUBJ1,NONE,PARAMETERS,42187,1,31,17,-1773,2773,0,0,0,0,1,C:\Users\Student\Documents\FlowTetris
SUBJ1,NONE,PARAMETERS,42199,1,31,17,-1773,2773,0,0,0,0,1,C:\Users\Student\Documents\FlowTetris
SUBJ1,NONE,PARAMETERS,42236,1,31,17,-1773,2773,0,0,0,0,1,C:\Users\Student\Documents\FlowTetris
SUBJ1,NONE,PARAMETERS,42265,1,31,17,-1773,2773,0,0,0,0,1,C:\Users\Student\Documents\FlowTetris
SUBJ1,NONE,PARAMETERS,42298,1,31,17,-1773,2773,0,0,0,0,1,C:\Users\Student\Documents\FlowTetris
SUBJ1,NONE,PARAMETERS,42334,1,31,15,-1855,2855,0,0,0,0,1,C:\Users\Student\Documents\FlowTetris
SUBJ1,NONE,PARAMETERS,42364,1,31,15,-1855,2855,0,0,0,0,1,C:\Users\Student\Documents\FlowTetris
SUBJ1,NONE,PARAMETERS,42401,1,31,15,-1855,2855,0,0,0,0,1,C:\Users\Student\Documents\FlowTetris
SUBJ1,NONE,PARAMETERS,42430,1,31,15,-1855,2855,0,0,0,0,1,C:\Users\Student\Documents\FlowTetris
SUBJ1,NONE,PARAMETERS,42463,1,31,15,-1855,2855,0,0,0,0,1,C:\Users\Student\Documents\FlowTetris
SUBJ1,NONE,PARAMETERS,42496,1,31,15,-1855,2855,0,0,0,0,1,C:\Users\Student\Documents\FlowTetris
SUBJ1,NONE,PARAMETERS,42528,1,31,13,-1937,2937,0,0,0,0,0,C:\Users\Student\Documents\FlowTetris
SUBJ1,NONE,PARAMETERS,42530,1,31,13,-1937,2937,0,0,0,0,1,C:\Users\Student\Documents\FlowTetris
SUBJ1,NONE,PARAMETERS,42562,1,31,13,-1937,2937,0,0,0,0,1,C:\Users\Student\Documents\FlowTetris
SUBJ1,NONE,PARAMETERS,42595,1,31,13,-1937,2937,0,0,0,0,1,C:\Users\Student\Documents\FlowTetris
SUBJ1,NONE,PARAMETERS,42629,1,31,13,-1937,2937,0,0,0,0,1,C:\Users\Student\Documents\FlowTetris
SUBJ1,NONE,PARAMETERS,42660,1,31,13,-1937,2937,0,0,0,0,0,C:\Users\Student\Documents\FlowTetris
